grade,verdict,score,area,building,built_up,reserve_price,price_psf,auction_date,market_value,discount,rent_estimate,installment,maintenance,rent_cover,max_bid,station,walk_m,dual_key,rounds,flags,url
B,VERIFY,63.8,Cheras,Parc 3,1453.0,729000.0,501.7,2026-10-07,992344,0.2654,4226,3024,581,1.15,757000,Maluri,556,False,1,"Agent claims market value RM1,000,000 (unverified)",https://t.me/chrispangauction/7136
B,VERIFY,56.4,Mont Kiara,Casa Kiara (BLK-B),1216.0,590000.0,485.2,2026-10-14,893786,0.3399,3178,2448,486,1.06,634000,,,False,1,,https://www.bplelonglist.com/auction/VTVJYXFkc3dpTWhGT2pDNVF3WHZOUT09/Lelong-Auction-Condominium-in-Mont-Kiara-Kuala-Lumpur-for-RM590000
C,PASS,52.6,Titiwangsa,Titiwangsa Sentral,1055.0,405000.0,383.9,2026-10-21,442865,0.0855,2284,1680,422,1.06,327000,Titiwangsa,277,False,1,"9% below cleaned market value; Walk-away price RM327,000 is BELOW reserve - targets not met at reserve",https://www.bplelonglist.com/auction/blJBVUhCSlhoUDNobUNTNnFUeWY2QT09/Lelong-Auction-Service-Apartment-in-Titiwangsa-Kuala-Lumpur-for-RM405000
C,PASS,47.8,Mont Kiara,Royal Tower,1386.0,641520.0,462.9,2026-11-12,3659977,0.8247,2899,2661,554,0.88,550000,,,False,1,"Rent RM2,899 vs installment+maintenance RM3,276 -> 0.88x cover; Walk-away price RM550,000 is BELOW reserve - targets not met at reserve; 82% discount is unusually deep - verify size, occupancy, arrears and title before trusting it",https://www.bplelonglist.com/auction/bFpxa2hWZi83R3ZseGt1SjBzZTNMQT09/Lelong-Auction-Condominium-in-Mont-Kiara-Kuala-Lumpur-for-RM641520
C,BID,44.6,Mont Kiara,Pavilion Hilltop Mont' Kiara,2680.0,2600000.0,970.1,2026-10-07,3360204,0.2262,13853,10786,1072,1.16,2621000,Semantan,2893,False,1,2893 m (~36 min) to MRT Semantan; Auction-day deposit is 5% (not the usual 10%),https://www.bplelonglist.com/auction/K1BnUDRtMEE1MnJIY2YyQkR5bkdyQT09/Lelong-Auction-Condominium-in-Mont-Kiara-Kuala-Lumpur-for-RM2600000
D,PASS,37.7,Cheras,Pangsapuri Damai Vista,1100.0,210200.0,191.1,2026-10-07,203979,-0.0305,1552,872,440,1.13,135000,,,False,1,"-3% below cleaned market value; Auction-day deposit is 5% (not the usual 10%); Walk-away price RM135,000 is BELOW reserve - targets not met at reserve",https://www.bplelonglist.com/auction/NExaTGljbk44T1dFSkFFdlFtWHB4UT09/Lelong-Auction-Condominium-in-Cheras-Kuala-Lumpur-for-RM210200
D,PASS,35.9,Titiwangsa,Titiwangsa Sentral Condominium,1066.0,421200.0,395.1,2026-11-04,447482,0.0587,2307,1747,426,1.03,331000,,,False,1,"6% below cleaned market value; Walk-away price RM331,000 is BELOW reserve - targets not met at reserve",https://www.bplelonglist.com/auction/NnlsVURwNWFxS0dyY0VwM08wck1OQT09/Lelong-Auction-Service-Apartment-in-Titiwangsa-Kuala-Lumpur-for-RM421200
D,PASS,35.6,Cheras,Pangsapuri Damai Vista,1000.0,224460.0,224.5,2026-10-07,185435,-0.2105,1471,931,400,1.06,123000,,,False,1,"-21% below cleaned market value; Auction-day deposit is 5% (not the usual 10%); Walk-away price RM123,000 is BELOW reserve - targets not met at reserve",https://www.bplelonglist.com/auction/aU1PQ21FbHo1WUh6L3JPSzJwOWQ3QT09/Lelong-Auction-Condominium-in-Cheras-Kuala-Lumpur-for-RM224460
D,PASS,29.9,Cheras,Residensi M Vertika,1012.0,550000.0,543.5,2026-11-25,398453,-0.3803,2935,2282,405,1.07,293000,,,False,1,"-38% below cleaned market value; Walk-away price RM293,000 is BELOW reserve - targets not met at reserve",https://www.bplelonglist.com/auction/OXRNd1NXMmJONUVTM0tRYlREV3BoUT09/Lelong-Auction-Service-Apartment-in-Loke-Yew-Kuala-Lumpur-for-RM550000
D,PASS,25.0,Cheras,J Dupion,1119.0,600000.0,536.2,2026-10-14,440582,-0.3618,,2489,448,,324000,Taman Pertama,376,False,2,"No reliable rent data yet; -36% below cleaned market value; Walk-away price RM324,000 is BELOW reserve - targets not met at reserve",https://www.bplelonglist.com/auction/bkdqcWVYNFRRaytWeGowYjcvMEd2dz09/Lelong-Auction-Service-Apartment-in-Cheras-Kuala-Lumpur-for-RM600000
D,PASS,24.5,Setapak,Residensi 222,1141.0,420000.0,368.1,2026-11-25,443583,0.0532,2266,1742,456,1.0,326000,Sentul East,2287,False,1,"5% below cleaned market value; 2287 m (~29 min) to LRT Sentul East; Walk-away price RM326,000 is BELOW reserve - targets not met at reserve",https://www.bplelonglist.com/auction/R1MrdFlQRFNxWDM2Q0dtbUlHSkdoQT09/Lelong-Auction-Service-Apartment-in-Setapak-Kuala-Lumpur-for-RM420000
D,PASS,22.5,Mont Kiara,Richmond Kiara 3,2422.0,656100.0,270.9,2026-10-21,668511,0.0186,3889,2722,969,1.04,474000,Semantan,3830,False,1,"2% below cleaned market value; 3830 m (~48 min) to MRT Semantan; Walk-away price RM474,000 is BELOW reserve - targets not met at reserve",https://www.bplelonglist.com/auction/MEk4Z2RiZjRlSGRZVlEydUJMSmJ0dz09/Lelong-Auction-Condominium-in-Mont-Kiara-Kuala-Lumpur-for-RM656100
D,PASS,21.9,Cheras,Condo Bukit Cheras,1442.0,500000.0,346.7,2026-10-07,578988,0.1364,1853,2074,577,0.68,293000,,,False,1,"Rent RM1,853 vs installment+maintenance RM2,711 -> 0.68x cover; 14% below cleaned market value; Auction-day deposit is 5% (not the usual 10%)",https://www.bplelonglist.com/auction/VStmcUNMQmpTVXpQdTFHbkRtSGtUZz09/Lelong-Auction-Condominium-in-Taman-Bukit-Cheras-Kuala-Lumpur-for-RM500000
D,PASS,21.2,Mont Kiara,Richmond Mont Kiara,2422.0,656000.0,270.9,2026-10-21,654008,-0.003,3889,2721,969,1.04,462000,Semantan,3830,False,1,"-0% below cleaned market value; 3830 m (~48 min) to MRT Semantan; Agent claims market value RM1,000,000 (unverified)",https://t.me/chrispangauction/7143
D,PASS,21.1,Setapak,Platinum Lake Condominium,1464.0,405000.0,276.6,2026-11-12,473517,0.1447,1890,1680,586,0.81,299000,Wangsa Maju,2448,False,1,"Rent RM1,890 vs installment+maintenance RM2,326 -> 0.81x cover; 14% below cleaned market value; 2448 m (~31 min) to LRT Wangsa Maju",https://www.bplelonglist.com/auction/VXQzOGFTMDZTYW52cUliVHJ6czVtQT09/Lelong-Auction-Condominium-in-Setapak-Kuala-Lumpur-for-RM405000
D,PASS,19.8,Cheras,Vista Harmoni,1119.0,304000.0,271.7,2026-11-25,352243,0.137,1424,1261,448,0.81,220000,Kentonmen,2072,False,1,"Rent RM1,424 vs installment+maintenance RM1,769 -> 0.81x cover; 14% below cleaned market value; 2072 m (~26 min) to MRT Kentonmen",https://www.bplelonglist.com/auction/N29iRG53ODZuekVoVWVWcFU3dlYwZz09/Lelong-Auction-Apartment-in-Taman-Bukit-Cheras-Kuala-Lumpur-for-RM304000
D,PASS,18.8,Bukit Bintang,Berjaya Times Square (East Tower),1098.0,842400.0,767.2,2026-11-04,735532,-0.1453,3396,3495,439,0.85,560000,,,False,1,"Rent RM3,396 vs installment+maintenance RM3,994 -> 0.85x cover; -15% below cleaned market value; Walk-away price RM560,000 is BELOW reserve - targets not met at reserve",https://www.bplelonglist.com/auction/Zm5DdFdhWjFXMEZwY05ZV2RWYWZyUT09/Lelong-Auction-Service-Apartment-in-Bukit-Bintang-Kuala-Lumpur-for-RM842400
D,PASS,18.2,Mont Kiara,Richmond Kiara 3,2422.0,702000.0,289.8,2026-10-21,668511,-0.0501,3889,2912,969,0.99,474000,Semantan,3830,False,1,"Rent RM3,889 vs installment+maintenance RM3,941 -> 0.99x cover; -5% below cleaned market value; 3830 m (~48 min) to MRT Semantan",https://www.bplelonglist.com/auction/WXNxc1ZFSnA0MHhmc2lVSHZ1ckJFQT09/Lelong-Auction-Condominium-in-Mont-Kiara-Kuala-Lumpur-for-RM702000
D,PASS,17.5,Setapak,Residensi Curvo,1109.0,456000.0,411.2,2026-10-20,464094,0.0174,1397,1892,444,0.58,215000,,,False,1,"Rent RM1,397 vs installment+maintenance RM2,395 -> 0.58x cover; 2% below cleaned market value; Bumi lot / Malay reserve - check eligibility",https://www.bplelonglist.com/auction/NGFiUXVaNTR3V0FhdTI1U0JOcUtwUT09/Lelong-Auction-Condominium-in-Setapak-Kuala-Lumpur-for-RM456000
D,PASS,17.0,Setapak,Residensi Bennington,1281.0,567000.0,442.6,2026-11-05,446791,-0.269,1676,2352,512,0.57,266000,,,False,1,"Rent RM1,676 vs installment+maintenance RM2,925 -> 0.57x cover; -27% below cleaned market value; Walk-away price RM266,000 is BELOW reserve - targets not met at reserve",https://www.bplelonglist.com/auction/cDRoVzViUXFZM2NjNUl1dUZTTitNdz09/Lelong-Auction-Condominium-in-Setapak-Kuala-Lumpur-for-RM567000
D,PASS,15.6,Setapak,Residensi Ascenda No. 3,1195.0,414000.0,346.4,2026-10-07,322296,-0.2845,1489,1717,478,0.66,227000,,,False,1,"Rent RM1,489 vs installment+maintenance RM2,255 -> 0.66x cover; -28% below cleaned market value; Auction-day deposit is 5% (not the usual 10%)",https://www.bplelonglist.com/auction/b1V5VXQ1MlFKWW1yeVU0NC9UQ1k4QT09/Lelong-Auction-Condominium-in-Setapak-Kuala-Lumpur-for-RM414000
D,PASS,15.0,Setapak,PV6 Platinum Hill Condominium,1335.0,450000.0,337.1,2026-10-06,377397,-0.1924,1746,1867,534,0.71,268000,,,False,1,"Rent RM1,746 vs installment+maintenance RM2,461 -> 0.71x cover; -19% below cleaned market value; Walk-away price RM268,000 is BELOW reserve - targets not met at reserve",https://www.bplelonglist.com/auction/WVNyTGJsYXFpeDhrc3l0Qm5aN2U4Zz09/Lelong-Auction-Condominium-in-Taman-Melati-Utama-Kuala-Lumpur-for-RM450000
D,PASS,14.7,Titiwangsa,Kondominium Tinggian Titiwangsa (The Reach),1528.0,800000.0,523.6,2026-10-21,778962,-0.027,3093,3319,611,0.78,583000,,,False,1,"Rent RM3,093 vs installment+maintenance RM3,990 -> 0.78x cover; -3% below cleaned market value; Walk-away price RM583,000 is BELOW reserve - targets not met at reserve",https://www.bplelonglist.com/auction/ajJ1cEVJYjA2d3VNQUlDLzhHbW1qUT09/Lelong-Auction-Condominium-in-Titiwangsa-Kuala-Lumpur-for-RM800000
D,PASS,14.3,Setapak,Residensi Bennington,1442.0,546750.0,379.2,2026-10-15,502946,-0.0871,1919,2268,577,0.66,309000,,,False,1,"Rent RM1,919 vs installment+maintenance RM2,905 -> 0.66x cover; -9% below cleaned market value; Walk-away price RM309,000 is BELOW reserve - targets not met at reserve",https://www.bplelonglist.com/auction/bHVqVlpEZExFcmZ0L3R0M2RyN2tqdz09/Lelong-Auction-Condominium-in-Setapak-Kuala-Lumpur-for-RM546750
D,PASS,12.0,Cheras,Apartment Servis J Dupion,1119.0,473900.0,423.5,2026-10-12,451010,-0.0508,,1966,448,,332000,,,False,2,No reliable rent data yet; -5% below cleaned market value; Auction-day deposit is 5% (not the usual 10%),https://www.bplelonglist.com/auction/TWJ3ci9kOWVQVWxLcU1IVlFOWTBFUT09/Lelong-Auction-Service-Apartment-in-Cheras-Kuala-Lumpur-for-RM473900
D,PASS,10.0,Cheras,Apartment Servis J Dupion,1227.0,660000.0,537.9,2026-10-15,494539,-0.3346,,2738,491,,364000,,,False,1,"No reliable rent data yet; -33% below cleaned market value; Walk-away price RM364,000 is BELOW reserve - targets not met at reserve",https://www.bplelonglist.com/auction/L1ZhckF3M203VHQxNUN0d1lrV3FuZz09/Lelong-Auction-Service-Apartment-in-Cheras-Kuala-Lumpur-for-RM660000
D,PASS,9.9,Setapak,Residensi PV 18,1216.0,530000.0,435.9,2026-10-07,327959,-0.6161,1482,2199,486,0.54,225000,Sri Rampai,1579,False,1,"Rent RM1,482 vs installment+maintenance RM2,745 -> 0.54x cover; -62% below cleaned market value; 1579 m (~20 min) to LRT Sri Rampai",https://www.bplelonglist.com/auction/ZjF5RnlUMHM4TEExTmpwSDBiRm15UT09/Lelong-Auction-Residensi-PV-18-Condominium-in-Setapak-Kuala-Lumpur-for-RM530000
D,PASS,8.0,Cheras,Apartment Service J.Dupion,1389.0,631800.0,454.9,2026-11-05,559833,-0.1286,,2621,556,,413000,,,False,1,"No reliable rent data yet; -13% below cleaned market value; Walk-away price RM413,000 is BELOW reserve - targets not met at reserve",https://www.bplelonglist.com/auction/Qng1WVpaTW9ZZmVLbmMxR1lCVTBYQT09/Lelong-Auction-Service-Apartment-in-Taman-Tenaga-Kuala-Lumpur-for-RM631800
D,PASS,4.5,Mont Kiara,Kiaramas Danai,2497.0,2100000.0,841.0,2026-11-25,2078552,-0.0103,7323,8712,999,0.75,1509000,Semantan,4019,False,1,"Rent RM7,323 vs installment+maintenance RM9,771 -> 0.75x cover; -1% below cleaned market value; 4019 m (~50 min) to MRT Semantan",https://www.bplelonglist.com/auction/UjdFbGhlZVRMWlZJMnVkVkZxQlRIQT09/Lelong-Auction-Condominium-in-Mont-Kiara-Kuala-Lumpur-for-RM2100000
?,VERIFY,10.0,Cheras,Glenview Villa,1071.0,194400.0,181.5,2026-10-08,,,,806,428,,,,,False,1,No reliable rent data yet; No reliable sale comps yet,https://www.bplelonglist.com/auction/b3JtRzhrN0cwcFp1UWJmVWIreTB1Zz09/Lelong-Auction-Apartment-in-Taman-Pinggiran-Cheras-Kuala-Lumpur-for-RM194400
?,VERIFY,8.0,Setapak,PV20 Platinum Lake Condominium,1388.0,480000.0,345.8,2026-11-04,,,,1991,555,,,,,False,1,No reliable rent data yet; No reliable sale comps yet,https://www.bplelonglist.com/auction/WWpYMTAvNU1BRFRsbytYejdIc3k3Zz09/Lelong-Auction-Apartment-in-Setapak-Kuala-Lumpur-for-RM480000
?,VERIFY,8.0,Mont Kiara,Pangsapuri Aston Kiara 3,1593.0,575000.0,361.0,2026-12-09,,,,2385,637,,,,,False,1,No reliable rent data yet; No reliable sale comps yet,https://www.bplelonglist.com/auction/b0JrVXE0aWUrK3dBSlVpWnNIdlJIQT09/Lelong-Auction-Apartment-in-Mont-Kiara-Kuala-Lumpur-for-RM575000
?,VERIFY,6.3,Mont Kiara,Mont' Kiara Banyan,,1000000.0,,2026-10-22,,,,,,,,Semantan,3623,False,1,Missing reserve price or built-up - check listing manually; No reliable rent data yet; No reliable sale comps yet,https://www.bplelonglist.com/auction/MVFSQzlKeXRXT2lOMXVYOTc0MG5PUT09/Lelong-Auction-Condominium-in-Mont-Kiara-Kuala-Lumpur-for-RM1000000
?,VERIFY,5.7,Cheras,Residensi M Vertika,,440000.0,,2026-12-02,,,,,,,,,,False,1,Missing reserve price or built-up - check listing manually; No reliable rent data yet; No reliable sale comps yet,https://www.bplelonglist.com/auction/YnpJaitlWit1djZ0aEJQNG8zNWc3QT09/Lelong-Auction-Service-Apartment-in-Loke-Yew-Kuala-Lumpur-for-RM440000
?,VERIFY,5.0,Mont Kiara,Kiara Designer Suites,1259.0,580000.0,460.7,2026-10-21,,,,2406,504,,,Semantan,3602,False,1,No reliable rent data yet; No reliable sale comps yet; 3602 m (~45 min) to MRT Semantan,https://www.bplelonglist.com/auction/bzRVMXArRnVNWGsveWF3M3NndGcvQT09/Lelong-Auction-Service-Apartment-in-Mont-Kiara-Kuala-Lumpur-for-RM580000
